"Redshift","Distance Modulus","Error","N Angle 1","N Angle 2","N Angle 3"
1.0333253137960268,42.83820990042155,0.43289445814728444,-0.6821013066621556,-0.6933771468499055,-0.23230570306401113
0.635438512678342,41.958894446399206,0.6285599120847458,-0.5696557629048781,0.509415816184778,-0.6449711916125075
0.032002204692190506,35.00660075373449,0.002241685118455898,-0.4477345243649934,-0.04127157098313997,-0.8932135540397027
0.9930501763074631,42.802482755147096,0.5621785613571504,-0.0663526142423122,-0.5740399511861645,0.8161344650395527
1.4049301315012812,43.77081634186383,1.3487185793099892,0.41503243524871697,-0.8959928111482358,0.15793973553922816
0.2884809652940076,39.99262179287206,0.26345537012695686,0.896973781835703,-0.14539849430910837,0.41748929633225407
0.12913192207087554,38.11839707757742,0.12049827808066008,0.33916093349850135,-0.4179647120039809,0.8427783579968428
0.20864668829215216,39.19274335942457,0.14579160586340562,0.7134796340647506,0.30720595175299686,0.6297390848457518
1.176927004233491,43.34019049200776,0.93834960735244,0.15635215554077248,-0.20763923610286433,0.9656293031429677
0.4857535332599293,41.081016780599946,0.06843886848377823,0.28880298983518354,0.8946157596079528,0.3409625723204004
0.5452912614348104,41.45740368395817,0.15122526034543282,0.302424369108884,-0.9284386513757588,0.21573402976965808
1.0570832452064731,42.82597071572694,0.28031624723453397,-0.7610852791684178,-0.5964635782578968,0.25491252939963055
0.2447421744988587,39.52413851280345,0.20158384497289378,-0.1671255123934891,0.9811386556671127,-0.09713908308680352
0.5995415498739796,41.624705234156316,0.21093602263153788,0.7332578637668048,-0.165215619774203,-0.6595731227140534
1.2038275445125635,43.34099351963995,0.5055497012522667,-0.6782994119132881,0.15717280834352124,-0.7177789465535318
0.23519078677235639,39.30094910035466,0.21932503780806195,0.6383007500221846,0.7420841531235973,0.20465400607842954
0.7045768624336883,41.8835653609645,0.5903471203642128,0.9188283084006809,0.37987951861180663,0.10698640577571182
0.8459448795686275,42.48240662295495,0.5909951986294766,-0.2549835991431708,0.7775551650530057,-0.5747967723181714
1.4058102090695284,43.76793501216041,1.3440865151126131,0.6925374115876088,-0.36115591476087594,-0.6244664432815986
0.5782724189729377,41.55313621894811,0.4591509354286528,0.8809938427210136,-0.2298003626747522,-0.41357181045401803
0.6644471239624226,41.69355422359159,0.49409094039916646,0.4658421078180254,0.5612087275311106,-0.6841314893546204
0.010571640095942025,32.54348591886709,0.003271837614139409,-0.27373857207488217,-0.6822485163116712,-0.6779411155468652
0.5466331497226372,41.2192159574938,0.27867163088108027,0.7847702589735347,0.6179351818902531,0.047872242613767546
0.98161394187014,42.632755347273374,0.6985333884290239,-0.5748281993460742,-0.7702441542762289,0.2762181819501512
0.3030792119474339,40.02312058169717,0.2348863253893162,0.5033355914846068,-0.07078210110116717,-0.8611870740486905
0.05991110700697444,36.36657518571519,0.03272694685055638,0.4153914388093193,-0.8199909499569772,0.3937826742666286
0.6281794341569122,41.61188029644369,0.20852852198032557,0.15075030059029929,0.7611749265696133,-0.630782908799595
0.015080668269827568,33.344838256892636,0.014120986560816333,0.6432140777960582,-0.6056765985060313,-0.4684351696309003
0.008714688931522385,32.149273580009144,0.0019916264777276715,-0.6615549526587651,0.7069224348198944,-0.2502113421908993
0.7316463803845221,42.23478196241149,0.588138417102775,0.12747630378026725,-0.12631082531634896,-0.9837659108662099
0.4131625206470392,40.7707042710385,0.10165161223461683,-0.6558845988592132,-0.4556360847426956,-0.6018398053133707
0.3668418503415014,40.54913905713288,0.3626046704691177,-0.9395305570971898,0.34143119619879125,0.026590798087053766
0.7595563471561462,42.39446411487698,0.10080687997874527,-0.6684647118725514,0.6233689608076349,-0.40566743483148415
0.2990880356001937,39.98326743534136,0.17294429246843873,-0.18714192194064044,0.9457507078260963,-0.2655814370373067
0.06120479450862781,36.3814496791077,0.007382607551458684,0.5721516116029205,0.5586940786099963,0.600419403305979
0.7959182175831208,42.487297672523816,0.7479544807024827,0.8203634326294453,-0.3420541140001881,0.4582606479941077
1.7301038417214403,44.08060759466608,0.7193094927841965,0.7066690876506131,-0.6523296138809181,0.2740161955305236
1.251095344120745,43.35494376496848,1.1545200199013377,0.7998080278299279,0.5377957034279632,0.2666137655733917
0.6405599025093743,41.83729813986637,0.6380576511026136,0.7584209290206786,0.2817067891189764,0.5877405715004599
1.0722951022569616,43.035307621266284,0.7451373521157463,-0.808553181793197,0.17814853374539172,0.5608073217571827
0.15611476630837196,38.59396488006085,0.15432641466509006,-0.5607719647224481,0.20958798429383108,-0.801004170039691
1.8807353452206903,44.534562306750054,0.9552305756659059,0.26601593331613715,-0.8541864123146884,0.4467673849319193
0.21037595669159503,39.21748930436606,0.10927182854710965,-0.9080891378950442,0.017450997197105564,-0.4184131694077779
0.9159958341938171,42.522267624759394,0.3933120858045972,0.8329507350279711,0.5298692741957658,0.15947296096710228
1.2487574894983946,43.27902850950882,0.19030188087102706,0.33562594641615795,-0.6339435898829736,-0.696757309928318
1.1361045846352473,43.24989262040154,1.0115984487575025,-0.2935004763644404,0.47897455910611736,0.8273093992593988
1.8462763014631736,44.416823276866936,0.043883873537279294,0.8741161929769696,0.1961936306506245,-0.44432976545306474
0.12774129612509788,37.99459856416299,0.009083600579976897,0.5249142559602175,0.7184621523256269,0.45637392515935765
1.5462570971461163,44.00837623268202,0.21402196823080777,0.5782967674726568,0.27296233102719625,0.7688071374349197
0.05105985586689554,35.98366385407092,0.047004810340037936,-0.5796207511288582,-0.5280582687141727,-0.6206401934320792
0.36782260338516726,40.4640123396397,0.31504102686823465,0.9730162716695325,0.045317858341977456,0.2262424071247889
0.8938497414301061,42.7027304956144,0.47274588443761667,-0.9186480236333466,0.2934284459479066,-0.26454783269409454
0.06540143723769631,36.59298091931491,0.028988496933783192,0.7814997238706444,-0.598337198913356,-0.1767788957614159
0.403591651972969,40.66025565469312,0.21406836823661302,0.00973013896843076,-0.5656841456726578,0.8245645952442113
0.6461912846011892,42.009515533612614,0.4377059883540002,0.6154659224879726,-0.6413045719570394,-0.4581813442765074
1.0604950067479106,42.92056926314891,0.14522754567133345,-0.9756083395870082,-0.21679435824325546,0.034475701039659475
1.8072223622602035,44.37651132411333,1.7518840371960205,0.7119556170154788,-0.039905467749341186,0.7010896897286504
0.016896517195292393,33.586741391266415,0.004237666293803535,0.31626885806734834,-0.35291016390434865,-0.8805841388702055
0.012227295985125508,32.80227156203673,0.009825207996626006,-0.07547503460276078,-0.9971085169600671,-0.008838809727974148
0.17200045716520762,38.639671503729815,0.0733973692369502,-0.3510585497698765,-0.8999842124142594,-0.25843047815332487
1.3852541342486135,43.55369786999911,1.2975582169027866,-0.7106361549345938,-0.6218934997196189,0.329005669109607
0.43655813494310125,40.75431580735179,0.1365123637299136,-0.8934705382870416,-0.40866538991260176,-0.18628740242068265
1.9787616415541,44.68082887347981,1.270792063416788,0.03745620498310479,-0.9244110032831847,-0.3795541196156869
0.7203781567851624,41.94066065469038,0.45050001083218794,-0.35152545486156833,-0.9317049292005231,-0.09140995289253695
1.3539701193182447,43.50459086074928,0.9545458469084285,-0.5498486255785949,-0.608454623144508,0.5722319988635768
0.6567047880653966,41.907056136187826,0.46066251466003727,0.33488150237099235,-0.8683441537822135,0.36583166888884644
1.3200848844783495,43.61823840009456,0.17819991457163353,-0.1812709251444661,0.8762802897254387,0.4464008350529494
0.8676520322689818,42.692223474867994,0.19824173828782277,0.7829568470139018,-0.5391192585208004,0.3103691363619005
1.2283968194209527,43.442212150428304,0.25252333907610747,-0.17473387633419982,0.807430922601616,0.5634921274409498
0.2835081970152905,39.962219690064714,0.060291577417728504,0.4727472128194055,-0.6880024986245371,0.5506020656135223
1.9922825161493498,44.698296371541,0.5494606201862573,0.9791594446859805,-0.2002999946758837,-0.033566263049128395
0.2917470565533993,40.04117300460895,0.011791128691198693,-0.1973005931067964,0.8647806154689145,0.46176505180547384
0.950498323463878,42.877208159966685,0.8553971529515552,0.8029779776284501,-0.521498629762132,0.2885577006422514
0.21667942243605254,39.08469183573357,0.02009269015732107,-0.6708174477899046,-0.7369015398017301,-0.08354682745908434
1.2091966251198354,43.40820013784656,0.7205043661322972,-0.5785918058345598,0.5193719055124616,0.6288754614273462
1.121044752518309,43.03266639761706,0.19195069932105824,0.9373442036165673,0.3383898411757266,-0.08293466908048402
0.3378685369807538,40.381378212663265,0.1338651500028591,-0.88937014192558,0.44579851405782966,0.10141220594733617
0.8658129979608202,42.67666884822408,0.38582327758714063,-0.8095373590638776,0.5861632498136272,0.0325869429037089
0.8794699575247849,42.71989839222887,0.8450166611040653,-0.3226032185002203,0.7290418732228863,0.6036763292534869
1.678960114643384,44.20564308172206,0.6733951875370627,0.33085871769535574,0.8323436904538498,0.4446757131738257
0.27941120347409065,39.63482374674898,0.1313659341423858,-0.4489922733539099,-0.7414096969743671,0.4987159509188218
1.6962086329776422,44.221341565799854,1.6224657818020436,-0.6060454726020472,-0.13677090205398645,-0.7835831835165302
0.04343755745942002,35.489833973254854,0.010212576611632274,-0.7829658285195638,-0.5535952920334573,0.2837195164402051
0.1670374676935551,38.70358566315656,0.030433432643166197,-0.9261733482977268,0.376180692872051,0.026287168224838897
1.2653333777012876,43.488318381036386,1.1742039179876573,-0.2985776455061825,0.028191670211944093,0.9539688775503347
0.12047579331966896,37.96405198424206,0.051936071034575815,-0.2565804733212469,0.8970768346032333,0.3597493759945778
1.5746009996690566,43.918506992104966,0.02262993593904472,-0.5647437144118482,-0.7789886936119774,0.2724722963110444
0.02991071332739148,34.85544736836938,0.011990212822817238,0.14653002181762068,0.44044181962277673,0.8857426015685961
0.22060176687320532,39.14886190591117,0.1543331438898471,0.8038916516532048,0.21638176421595165,-0.5540190831704938
1.4176375859382246,43.72466926400371,1.251453431890798,0.9330396033987313,0.251626468365293,0.2571404653249818
0.9173568073800187,42.60361358356582,0.605398586416872,-0.8924176449972044,-0.31759001974478224,-0.32051103921105856
0.9777870566239665,42.82922516547849,0.1661762000482726,0.23509670549828765,-0.9399774953367859,0.24732943076842775
0.4931654109860001,41.07835506477574,0.03237304671762098,-0.10371672685072758,-0.6222132345327841,0.7759468611597202
0.30383007401351103,39.94114489391735,0.1986552652997715,0.9694780524362642,0.035953434934013935,-0.24252764040586047
0.7127142553934785,42.25723681279402,0.39916562971651504,-0.4815367442415855,0.08786057368691728,-0.8720108276487283
0.7192547506291762,42.17194256293544,0.5609795298503566,-0.8827124282607277,0.4198407270760156,0.2110747092437459
0.36406392870694304,40.597085810176296,0.09238459750967942,-0.49467393284191863,0.4305383589662688,-0.754940011938261
0.6171499929317306,41.8857840769607,0.30034324235857324,0.1038543346979859,-0.2997449127531024,-0.9483497584979257
0.5659524780704481,41.33357574804993,0.2036165294455754,-0.7536454594552121,-0.23907072068735902,0.6122611468585679
1.4489788564049961,43.49945053159662,0.0704749940538969,-0.2131881700385737,-0.2420642034898251,-0.9465493782917196
1.7415555897366595,44.304116839876485,0.8258748688885489,0.9473205128406743,-0.12967244451203594,-0.29286328394927613
0.17422678058204777,38.7897585652368,0.13643495511842835,-0.4451906541705603,0.24754573500265128,0.8605384305893523
0.6549510562877814,41.893128336512284,0.5176701332234064,-0.7834646380878597,0.31352259613743666,0.5365507828501426
0.6245466936657035,41.605077536667366,0.6165294316894395,-0.1099322533078217,-0.9455879368767011,0.30623251511870686
0.12029412306364906,37.98013211605338,0.1156243647892915,0.22738978423378392,0.0049718490519887245,0.9737911309634718
0.38192701784140914,40.492526193366714,0.31519493442009505,-0.14449834641331807,-0.9834614972486999,-0.10919574768809479
0.015617836101203153,33.425832377618704,0.007279493959885235,0.7577355175469545,-0.6484751982645179,-0.07291640887785868
0.4161221027096228,40.817957574103126,0.10191918728677118,0.11837410191709093,-0.37771831494113606,0.9183226266151515
1.7184466547698398,44.192310632215246,0.24862818299907152,0.330686867411461,0.8918018478920803,-0.3087647321470924
0.5681997130264017,41.556760593328114,0.23735276651348225,-0.5982405339852684,-0.4602533153037393,-0.6559536182146856
0.7945793640070049,42.18444352783679,0.5364103781931426,-0.2702781761221069,-0.9627713848050434,-0.0045790951820230885
0.7204487603459722,42.28292775537581,0.2757753189850587,0.6842116358026603,-0.7205444682214228,-0.11256156869799935
0.1181395331187104,37.79532389090118,0.06735178537368935,-0.07345678702366461,-0.6625965410369302,0.7453656312482185
0.9161268320437165,42.781214052448455,0.48611853681526795,-0.3073998954399204,-0.4861660770705143,-0.8180145779809751
0.6422023419817504,41.8340924868734,0.3676893047609051,-0.29181180830813575,0.8113448049722378,-0.5065229273947007
0.07458953120990452,36.8973074695094,0.047458054722689186,-0.148713980297926,-0.2837920219028333,-0.9472836113689763
0.259137107810522,39.59676728985067,0.14633896775106237,0.04169440760987379,-0.9576996818959164,0.2847330252543985
1.363609883757281,43.54885666248308,0.9635604227336874,-0.6866896206565668,-0.3437312502194452,0.6405514752969644
1.1048708797007152,43.08380144027967,0.13941141213609454,-0.4312035642074081,-0.7938110553556752,-0.42886768893207233
0.372416382209405,40.47987984454156,0.1373197150555212,0.9925460783787117,0.011897019194035284,0.1212878527690923
0.1572819726028717,38.604934241713345,0.08830393745671661,0.831455801403764,-0.5000744932956126,0.2420883133634516
0.8090629774223398,42.30673674325401,0.1483083203163541,-0.08438207248874113,0.7949058979768945,-0.6008363164823277
0.4029044205813638,40.86982749951396,0.22486430384786493,-0.15882819847525914,-0.23747686963917405,-0.9583205829760116
0.6967523147630246,41.91887014894955,0.09146122094583131,0.022407367005343386,-0.8012332518887291,0.5979324259242846
1.642117624769087,44.12245853255583,0.1542978426276158,-0.4876886009211221,-0.7830374547423227,-0.38602094891632927
0.31656196146359816,40.278512132989164,0.1433372885358406,-0.24632125675576327,-0.3251254149131616,-0.9130275478033539
0.787522143661201,42.323450809692815,0.38646603595802786,0.23974571443389017,-0.6466180814586051,0.7241595467446219
0.6923153740563667,41.97404433781014,0.30741261732898695,0.6877686575217307,0.4725015588107027,0.551104845426179
0.6199818755380153,41.729532576883614,0.1245725959151246,-0.17414769811791686,-0.8784226188345293,-0.4450239116723031
0.08919857845673096,37.14935101775767,0.06359716253014866,0.8885323264592987,0.40208081368877024,0.2210007332571601
1.1611240829539842,43.26895083314396,0.1639361953121552,0.019994510241039324,-0.31304791152034217,0.9495268425131397
0.4002625852369167,40.49540760129603,0.3633941181516962,0.3862543652389137,0.9170480700301671,-0.09914838671319468
0.5677823751112312,41.602638660975906,0.3030424830577394,-0.9336831955751255,0.3573402569316377,0.023315897509064983
0.6246379981929928,41.69023320567396,0.45190154471810007,0.30098725605477233,0.8745332167965283,0.38026086363460454
0.4832527388204717,41.21414372858163,0.2326843470695662,0.7585390342713116,-0.4145822724909232,-0.502732605689155
1.5700646151604065,44.02449058225824,0.64710765785571,-0.1544845674460403,0.7691832848500364,-0.620073860703963
0.273032020613051,39.7290891719115,0.2295294579040572,0.08901040069915336,-0.9149117137138499,0.3937177982725222
0.5364506709010011,41.37151862348436,0.09865157579347184,-0.312875862263352,-0.0793624411708395,0.9464725551987067
0.4317800514993121,41.041821463353365,0.1693568099615872,0.3611152415788624,-0.6637835195199949,-0.654971160825489
0.23514310008667416,39.50979290679271,0.03228896198609382,0.7565376669981739,0.0995747816969588,0.6463247026556875
0.754898478592852,42.068117554017505,0.6172312261331115,0.08994905735206651,0.900611324089336,-0.425215721726664
0.47974784290367845,41.02884402865945,0.3469442261823029,0.3022452758996498,0.3220685460888352,-0.8971731409357776
1.8881326226550295,44.471550712100054,0.1714825830823341,0.7764704859927087,0.2946720241765102,-0.557011653872668
0.716439997609585,42.042656897363095,0.36324810734582824,-0.17529585697967343,0.9070159261034507,-0.38287526992541754
0.8699298245964266,42.331159416442915,0.5477806974464783,0.7799964943737744,0.6120271400514351,-0.13049233159493873
0.37590030499212235,40.67102835947634,0.08889862540602356,-0.07005344627775373,-0.6458274732517408,-0.7602627108163874
0.4861593351459319,41.322843238097484,0.021748452059868972,-0.28394490705217873,-0.017092087689640635,-0.9586882445808643
0.3969273248310159,40.53600483545768,0.1949851327977099,0.889019339335222,0.08334217767917727,-0.45022071887870496
0.1023595890726442,37.57383488631356,0.07126215399939942,0.3087081848513725,-0.5014996931359855,0.8082062325856461
1.2839325204145908,43.522228992822505,0.5428482126915757,-0.9106275092501288,-0.05894994010912453,-0.409001765226065
1.8029156801758583,44.338396622495175,1.569900418539865,-0.8645495612947719,-0.2623284451253334,0.4286465244734203
0.1260888032977313,38.0434398680946,0.08931595175525578,-0.17139927467755664,0.9452369707386302,0.277757732185561
1.0947907644506585,42.99215539030101,0.5826276963485075,-0.5563882202414245,-0.8005575560287567,-0.22257526336465186
0.8122743302688353,42.411068747711774,0.25468697484168357,0.787529389780219,0.22634648527301218,0.5732056601578092
0.07017289000144267,36.737426631029884,0.04023797036325544,0.8994969135015176,-0.4364012014429846,0.021431145101528333
0.3649407359163165,40.533845413775246,0.06775161585354295,0.015228486082001124,0.8608846018443835,0.5085723110029565
1.3469682589716006,43.56080837559112,0.7825178162643462,0.9165785900543374,0.05684149112511719,-0.3957938012913745
0.20357012184912016,39.21956648259696,0.19462230843135875,-0.42927613665593944,0.7314340793711203,0.5298359991849109
0.20721908523717447,38.98463753688726,0.10527998112371811,-0.30267746865919104,-0.8088944812905431,0.5040595878502535
0.35622207469057043,40.56545016324193,0.1024115114370292,0.11512599869369147,0.23852730919768195,0.9642876786476603
0.2574956692549566,39.45127974851601,0.04609928549759795,0.5498068014903331,0.5871292303042035,-0.5941310865098399
1.0997951431279849,43.192019499468756,0.06383308554195488,-0.8863218378174048,0.3040591841268623,-0.3492586611038942
0.4552356274018575,40.8882280419494,0.3068883629371224,0.18726428741083098,0.5099700329239698,-0.8395609877668443
0.10314485392894235,37.613720946454066,0.0355948033919361,-0.5411764667233886,0.47382360241818444,0.6947080146768447
1.1064911631841936,42.95781791047128,0.3784764083420187,-0.6083551821508288,-0.7859478994596139,0.11040775192554422
1.8272785466426753,44.443892214362045,0.1985434404436619,0.20361173643170882,0.2449082422923593,-0.9479252152171771
0.8583940022443193,42.64482234038792,0.6092443257275402,0.5206185762276279,-0.8536139349609314,-0.017307458716766106
0.3447773724631742,40.11423270201181,0.09075390466948347,-0.8426277679924612,-0.48822116159138224,0.2271971434292347
0.6569578148965838,41.991680765722904,0.010464356346364556,-0.8456031372313491,0.4939789710280153,0.2023366266561824
0.0268499950836395,34.60959443714645,0.0022461982898388765,-0.871724978481878,0.41337712026932455,-0.263087282719272
0.8269654644446163,42.5513286504217,0.7221986850449533,-0.49439288722771074,0.86916232986926,0.011511619994062663
1.3634729477401857,43.59367326584285,1.008184029996169,-0.6571953119504619,0.5539595634271016,-0.5110999159048943
0.5496407072124114,41.58517664822745,0.3322405911950336,-0.8551404435554525,0.2542384180957176,-0.45177167746547664
0.6503734330689606,41.74895973909348,0.08265942575761742,-0.9944753782874791,-0.04538877715131429,0.09464978018296673
0.4985394900151998,41.25646642573548,0.19655718370883124,0.9691442785848701,-0.2049294939330841,0.13697908527414604
0.017642677500002923,33.68179449177176,0.003937134662723357,-0.8945689556411117,0.42257751327579857,-0.14551504690860306
0.9018848599808935,42.51924243040344,0.3259502694303571,0.5393603507494913,0.23194161120485215,-0.8095020080463562
0.882497038571716,42.68084332464749,0.15576711171208213,-0.16014814966963573,-0.6640930440212885,-0.730296514465139
0.16271065364494086,38.445848924492104,0.09823805366878197,-0.5451604461435697,-0.4479162762392668,0.7086403159858271
0.31668056757183716,40.21357081612681,0.2213461114956604,-0.3378240601045511,0.24306856898714183,0.9092813509497594
0.20032948314645294,39.0165463774583,0.12382997555821101,-0.3934431421034532,-0.1763020400099507,0.9022860325972532
0.5455710546461051,41.56381673650245,0.1224965559176947,-0.49426095400323206,0.4706980554367526,0.7308552866032197
0.29255898378750655,40.06250669258071,0.06610232911365438,0.8762103627024832,-0.4677372737485928,0.11609152871341195
0.1024375970516036,37.5611058000996,0.054742909689353386,0.31880772511292627,-0.9364566033629944,0.14632383410150315
0.39780295816596,40.487826840983104,0.15328410917402413,0.26204069121020696,0.9021645009965854,-0.34268628407285157
1.0737161469802279,43.13581696769489,0.9696132836361147,-0.88048590182198,0.25241451696353356,-0.4012872890072654
0.02627868186717741,34.483421670806486,0.013334129144259084,0.29331061591656,0.8944235179725673,0.33760250752656584
0.049032133526347055,35.95483106660523,0.01223100610016193,0.18077931527025606,-0.5515628126776483,-0.8143078673582488
0.8877413264535154,42.73119868553646,0.5409475354531039,-0.8427064415799078,0.4918949959129104,-0.21882679524127582
0.2424306714916924,39.51348104758203,0.2100006644259571,0.9235811468370466,-0.24820811113160113,-0.2922166983176162
0.0390497612059314,35.430861447337264,0.01602324318668831,-0.9047172039131914,0.39148560336286187,-0.16800536688782575
0.7010653748411438,42.06244922753524,0.3307839323741847,-0.6769198814323236,-0.3616044169220455,-0.6411097564256187
0.344296485381108,40.185488519564494,0.1667941783482858,0.6031685892112889,0.7629496154072473,0.2325844735548716
0.1600470469428238,38.57633223558252,0.09386656006424948,-0.3232621746139004,0.9118526663092142,-0.2530341506766806
0.49226001553759435,40.967596235995046,0.29818477004010313,-0.42089777466013734,-0.6469454339987755,0.6358511372281096
0.5125839542705282,41.213989863062174,0.3699191515821326,-0.3998314250243777,-0.14597004288699975,0.9048909205769184
0.9494957911921466,42.84736096586428,0.04824801250338295,-0.5249731436080494,0.42383927973006424,0.7380809328577611
0.2254433409433948,39.384022810918175,0.10460510454295907,0.9615414383237317,-0.2645524826796377,0.07382442884553203
0.10305855166938838,37.54200015025758,0.006983512058238772,0.19076169207752589,-0.7368870852303734,0.6485425201607089
1.811143995736342,44.33697237989993,0.7693954010064574,0.42942253976951705,0.6979135970403147,-0.5731604429862085
0.0028606859466060452,29.620790039527503,0.00031791975866114286,-0.9389867358244474,-0.08111278241070558,0.3342523395211218
0.2850060015432725,39.836952890495354,0.22022253448810125,-0.837621137060827,-0.3634730673335613,-0.40777219139129617
0.49796883424593763,41.106629268591234,0.2341522516475334,0.8296952617641544,0.4412816284531504,0.34187175518876556
0.9762032252137398,42.855650671332974,0.4886640274028149,0.5186417202047116,-0.21492384265093956,-0.8275376172254962
0.16006364557666164,38.59689157372689,0.004611895309432096,-0.2641850424324821,0.4447331729378489,-0.8558146225927558
0.7372749328130905,42.18865698714999,0.6015983001190155,0.9413776863906309,-0.30915011290843786,-0.13503428918064989
0.35759920739459394,40.30836238997064,0.07604311536292085,-0.6134569983502576,-0.7128229808266653,-0.3399322126255167
0.7340668956040692,42.037397174252646,0.5752326762936213,-0.6763381098413541,-0.05650114105960365,0.7344211204991229
0.16991527469008838,38.76209793559231,0.02440828329059183,0.5063927575668202,-0.4371321057877662,-0.743291259987244
0.2719882081845417,39.69878439443944,0.2627372408768064,-0.876147829225929,0.029086797077563464,0.4811641503462835
0.15285747596823573,38.51604281229363,0.09767915260630694,0.2087686943767343,-0.870984545734971,-0.44474886547250486
1.3860310815122778,43.72104246701308,0.07118285690580328,-0.26194393543564054,0.9610600151491282,-0.08802852929616731
1.1053275558818954,43.19722108572093,0.06169439339928129,-0.913639055851409,0.2828224105928001,-0.29201910843200557
0.1947561698313095,38.865780424747506,0.011555472136109135,-0.38756645995516315,-0.9216624584496566,-0.01818108364091693
0.41009990392066265,40.68319104259871,0.16295095767095202,0.2655415659744106,0.9068301413591455,0.3273328145212606
1.2741681001634702,43.381922535699324,0.5822474585384689,-0.36056285331910276,-0.5479949692988294,0.7547820496206585
0.05044316750220679,36.00546981484197,0.013384541196218291,-0.3115767714723884,0.20900891526621623,-0.9269493992759706
0.29029461788172606,39.895572844287564,0.04444529365475253,-0.029515785117239124,0.5657096275182014,-0.8240761104182858
0.290021448753775,39.99864563370852,0.14444900874357547,0.39434719519425915,-0.2624322709641615,-0.8806926778388782
0.4983792714743671,41.01559965740735,0.27132627180235225,0.931451680624423,0.32651321044878084,-0.16058296940948624
0.3324156813808148,40.37994669234414,0.23744900580293515,-0.4250013263145827,0.2849711480561188,-0.8591654773129699
0.4011628578830272,40.63401369084144,0.09870221161655512,-0.9523516345102022,-0.17431951501012963,-0.2502779873108688
0.3031542381699649,39.842776798918386,0.10734551366383321,-0.4569837938782507,-0.5938540945242161,0.6621956859943016
0.6954637411884482,42.1790349553614,0.4635330289052043,-0.12988859367753905,-0.13171458870390676,-0.9827411766864314
0.9031324381967961,42.62258408506689,0.6790154674724761,0.17544872220671906,-0.6974832194202182,0.6947912668587863
0.05777833170897195,36.17813787893927,0.00885011082344589,-0.7037659026572786,-0.6534887536113089,-0.2786862091322857
0.4393100434071705,41.0692306178352,0.32287542192742336,0.047857850916739095,0.5798591671143936,0.8133098870781253
1.622241064216537,44.08574489552499,0.1056211956669515,-0.8321269352423575,0.5541554465670876,0.021828987246168323
0.3629519316730099,40.48833111584143,0.34383524243547625,-0.44109444176309837,-0.6176586990563578,-0.6511017009083206
0.8984785081597647,42.587261231398095,0.8948690605968616,0.27307766938923805,0.8715957544412367,0.40712335639330943
1.8833512205359995,44.53068724898859,1.3529909746944058,0.9093041663294968,-0.41597851812895936,-0.011305111722309932
0.2979758601675192,39.77286149256628,0.2030142524124081,0.5863777996777052,0.609359745566387,-0.5337057021696521
0.2428592630391011,39.30310059211793,0.10198031357380627,0.5448027034453232,0.7867499890226933,-0.2901972933909951
0.5646723121193116,41.37231498412261,0.09707101242957894,-0.11482669610505444,-0.9746026825678414,0.1922613871612406
0.9856572989036844,42.809058935535546,0.695894736896108,0.11987403839605251,-0.9615146901788236,0.24722401883502876
0.344775256911375,40.453679458275644,0.24165170651366719,0.3278838317350898,-0.2522693859734849,0.910413285155306
0.2316323340636457,39.52144497190563,0.14087559323182391,0.0007127932425791401,-0.5846195811935782,-0.8113072397130686
0.10998940876596319,37.58128886636123,0.07447600574341418,0.32773145002412635,0.6350051929990149,-0.6995430662435069
1.145824902888061,43.28572602614613,0.09444706111591405,0.007703356041459898,-0.7459649843805661,-0.6659406132560174
0.4183712266165074,40.87096716302382,0.12957474886647813,0.9335141767181662,-0.1977434388457952,0.2990799462679564
1.4177857917353258,43.65485352555278,0.9196942359256328,-0.9217831473411511,-0.34784703865123195,0.17122577778888876
0.44553286658321467,40.70036858019665,0.2887171692017163,-0.5239547618444396,-0.7034215561395327,0.48028066991997004
1.334871311329687,43.48124241791756,0.3657991084401768,0.512928941999649,0.857892438755582,-0.030404999344195827
1.573726007434638,44.05467744279949,0.9385038613365024,-0.29520033586278943,0.9148386194666523,0.2755486563909281
0.7452737695919212,42.32130465141807,0.3365789102440284,0.3517926450152863,0.3969784523824153,0.8477322945701734
1.3861185629449624,43.60508741776463,0.6430302682121267,0.24924576725517228,-0.528454807100062,-0.8115491755637589
0.15228361411528324,38.25065828652339,0.13603156002358124,0.6070095106981181,0.6883574620133139,-0.39711894743592896
1.2016727437507513,43.19583053207633,0.651319472045174,0.7194131253742416,0.693011304015678,0.046691407622337984
0.096082603852784,37.347581737942086,0.0659565535893144,0.36457740147426004,0.8585891126925463,0.3604275986936935
0.45799661194914987,41.132615747375766,0.44582399160799746,-0.23740952765626497,-0.5753945880701183,-0.782660708223971
0.06948646985748841,36.676175978039744,0.03446509857485927,0.08421250128938385,-0.9660104151698377,-0.24440158021171476
0.39386743337612673,40.74338033119581,0.22367288823375486,-0.2189801083194379,0.176754445486216,0.9595861494213366
0.9555437552943299,42.887300716714954,0.6466005266807827,-0.4576644907053563,0.15163956781172638,-0.8760985420723401
0.016157940650705638,33.39093344622161,0.012852194239625067,-0.3150294972660569,-0.4484148172261703,0.8364691073460607
0.007918768158173939,31.847297482458963,0.007916262550996377,0.136519897516325,0.9904613518001791,0.0186715872997953
0.08428331738996775,37.0463321210469,0.008665400728657083,0.9293092510047065,0.27461889014845475,0.2469185719436719
0.2139019469454675,39.06711811709133,0.01643930563373025,-0.32018019730348424,-0.9346627153570425,0.15456471064283117
1.1231091577772985,43.08469008511982,0.7011906748329717,-0.6583361922046931,-0.6699889339441826,-0.34308641247616234
0.15486591194228516,38.558077025860754,0.0983983723855178,0.8569664121994496,-0.31336851158887796,0.40915613683112995
0.6853360286353358,41.82911089602704,0.11899777237162168,0.8345105439700747,0.10570600181495486,-0.540757240527639
0.5979066104039437,41.82967997877006,0.5046362055110039,0.15041301820008943,0.1793410310824722,0.9722205092087985
0.5546143150107365,41.2609663868884,0.3210075394500488,0.38056303439555694,0.9157687035945464,-0.12860582556171457
0.09128537197908837,37.34841980988019,0.03783881038066833,0.8471214758576741,-0.47862484646430714,0.2308754241744546
1.002346928718409,42.98470705733812,0.13683966260598357,0.19293221218791037,0.5807318948534654,0.7909030457648917
0.9036325460285145,42.77524896488789,0.3411784305283502,0.2347177947146106,0.34850922999555384,0.9074408374391227
0.7007760738259602,42.195888691755705,0.6153663093228702,-0.2532533180430445,0.77688799636561,0.5764614453744641
0.9816793683822139,42.935305233183854,0.05550380758252993,0.47023596742511936,-0.7792072248395874,-0.4143841643904254
1.0110919832534777,42.986835774383906,0.009640887582695878,0.24331264194198923,0.6294366793209424,0.7379758973006059
0.4547338825363084,40.97696348843365,0.13577605247267555,-0.2194019036294123,0.8844273972876983,-0.41188710056361044
0.5630663703541128,41.51525303493908,0.31382935508634535,-0.9428651105488978,0.26007791792219676,0.20824231058761775
0.028569103588298783,34.585821538089164,0.005450570827034026,-0.7396142052801449,-0.4261314071881328,0.5209441919780674
0.2454802810509471,39.66635086951968,0.2123954690348323,0.5915341738646916,-0.14720754924091814,0.7927277329554576
0.7410846607874892,42.053286795362645,0.36470222274942765,-0.3166445837693311,-0.365830986286795,0.8751593552273654
0.13733404078098133,38.25577714510007,0.04085893267430368,0.31878977738035297,-0.24530047769373697,-0.915533043358354
0.6901310212116868,41.86922946709109,0.30552087434881103,-0.1455292841220715,-0.9889334380821123,0.028842373446209907
1.6759073779850855,44.020969011026914,0.347692770266232,-0.3534999115591483,-0.01564746602015539,-0.9353036776014635
0.2932581805646841,40.074326218012715,0.24488310911259392,0.09078805836260032,-0.7353068752466996,-0.6716258837133093
1.3384192203456684,43.643469566242175,0.44270802523758745,0.5325668858113648,-0.5016455459164864,-0.6817068713159163
0.8794154798951989,42.68174511421365,0.7123076016850961,0.3864289186814126,-0.3851950076862154,0.8380319187598588
0.17551175262157226,38.64465066052905,0.003931661187797114,-0.15616799465143796,-0.9156945652250704,0.3702904544594932
1.050839529963049,43.06168466763254,0.9427164301967952,0.5502175987254673,-0.34077813466174,-0.7623193930297493
0.9907985096443971,42.961424757705736,0.1552949850642492,-0.5414977777371393,0.8316442367443346,-0.12307729358282482
0.37060079425774084,40.645806685874064,0.2695885383277603,0.40737275923884503,-0.5085293509450756,-0.7585811322841547
0.2879144569080213,40.011531566311064,0.18598339219459237,0.471805318106374,0.35682496823183557,0.8062727105966647
0.16988511539640172,38.62969238687056,0.09629782338644449,-0.007630023568257577,-0.9934507467085616,0.11400612529399072
0.9741622917908439,42.79507575634571,0.20742267474555787,0.10273012754306263,-0.9935830887091288,0.047319834384889875
0.4461880610115876,40.952754470064015,0.38677969021753034,0.9839203873454078,-0.1781962983977433,-0.012114066344745246
1.268627083178466,43.522880484344824,0.9156287439821076,0.5253562493493438,0.32528912127664167,0.7862491964057328
0.9762090995847519,42.903482102239,0.6648946827011266,0.43163013636543324,0.46662704053732096,0.7719809780172947
0.5114713218556033,41.330991376488186,0.13359444341526383,-0.04834261413255712,-0.11071900791265524,0.9926753210116931
1.1311518688748041,43.07196647655463,0.7457802740344561,-0.19602078826535205,-0.9531795440200237,0.23027072638442206
0.7294347836169754,42.21210036719633,0.17613906685384118,-0.15169473680730625,-0.7282375668569097,-0.6683253347309902
0.7469617382368571,42.36116110025742,0.635838305268375,-0.7624569201406118,0.646996530143646,-0.007411808940782388
0.10767415912764045,37.50492609845148,0.05492293864945136,-0.3816670460535936,-0.8319177718253611,0.4027940998548148
1.564948787285514,44.03957814615212,0.9115603621640944,0.8049458051978442,-0.49501199834562837,-0.3271473248985261
0.612939546879185,41.71565628400269,0.03707204794534724,0.1655266103767247,0.8645025297392916,0.47459068399153953
1.6871133611288243,44.065192752099016,0.6180415600394786,-0.35357572660741104,0.006916689415507352,-0.9353803317162331
0.14803656504619178,38.4616329458319,0.10249782803437846,0.7955695507970203,-0.2892308477111067,0.5323669848675272
1.7922920080798823,44.280170297293104,0.9331916688891821,0.6400625285779515,-0.6553617275443381,-0.40102489396607244
0.9964956664553196,42.87816090695377,0.5019204774242784,-0.3731124165951054,-0.731899094208145,-0.5701849177940934
0.4375385426089031,40.91417527635933,0.3970764500954055,0.2828128578045935,-0.8746925146608014,0.3936113467073359
0.7251216924390101,42.17783617430101,0.6935698462914682,0.1669749462239002,-0.9348070196831041,-0.31345686032485937
0.3029787957643857,40.17494620847802,0.16469755206466713,-0.2270006175053778,-0.26648101986539746,-0.9367275941828953
0.5371113802290493,41.54940992181295,0.2053287699187989,-0.8517818699672176,0.5112911598023895,-0.11423220169058042
0.36817237258104063,40.61490670874554,0.32114109901224086,-0.6575249708250654,-0.08411434939023447,-0.7487227049904086
0.6059189782211543,41.71523927588632,0.22598687178028376,-0.045651782237227254,-0.8935002706865831,-0.4467361425512462
0.020352013207327158,33.95244766615568,0.008422174726199636,0.6648360454370644,0.4554637984313995,0.5920690508767087
0.4565153133106078,40.8409355053357,0.0025036826974674797,-0.22219215090267116,-0.6891776083501612,0.6896846179421405
0.09096443442555346,37.149734253285814,0.088284974171454,0.9251817880910324,0.3504653582653473,-0.14564577453747696
1.55354376035735,43.98496598864248,1.379081796308817,0.7609545535273163,0.4591105572491531,0.45843828776446527
0.2708283072128328,39.84922827566764,0.002344052204834801,0.4704344052462893,-0.7411870261244464,0.47888752611168445
0.26993024219963113,39.58731746388385,0.22743926957474137,0.2832316596977234,0.8602887558322669,-0.4238904145335717
1.6087055777535313,44.05032742767489,1.5950096326775376,-0.8001159699044563,-0.058375207974529914,0.596998132156024
0.7199983124295322,42.18877293770889,0.5044551937379549,0.06726909099158222,-0.04469177814448896,-0.996733421915534
1.0052126076600107,42.783107033319574,0.4230912363204091,-0.12753044792982443,-0.7680364207123285,0.6275795099509014
0.20426821370516024,39.13469752787289,0.08399874616872133,0.39114768935667743,-0.10495097083312126,-0.9143242197558356
0.036830321905589214,35.26743618220985,0.03583158459826975,0.9220190271757664,-0.29852611953440855,-0.24650166222884015
0.10648280927346565,37.52431747486264,0.09298604872290783,0.7266504320842203,0.6464381638337962,0.23258729520549098
0.8994382887349064,42.6935400841306,0.6886290932255208,0.4216396548481544,-0.7804361577457277,0.4616702341960276
0.6074195358598453,41.85205233521674,0.5298996755189818,-0.5338480859702924,-0.1390334327558336,-0.8340718947920405
1.1718477121821202,43.33625890265347,0.8499665380032699,-0.10567087298753888,-0.027865252091674196,-0.9940106610735717
0.6088685393544571,41.74283484013365,0.6044800928167082,0.07028470800139887,0.855350793990907,0.5132592707787006
0.43955083728274447,40.69321471923014,0.37087858007887686,0.535966060058317,0.5491316908135607,-0.6412447025978496
0.22445533666210404,39.25274608830341,0.10257158103512132,-0.9110426620944598,-0.3200628298135586,-0.2599250907772791
1.648585110898801,44.061234587995834,0.5504376617084108,0.7421046949225251,0.4325611482266097,-0.5120268301747702
0.6365900028059298,41.990662705074875,0.1818840955761637,0.6404139549641402,-0.7415060443845986,-0.20009685761724053
0.429794508932409,40.95710245413961,0.19873358807440022,0.601845307622641,-0.4298262658950612,-0.6730762266187365
0.6246994485210804,41.93651383037539,0.5065482672960917,0.25179590976147037,0.3463535682511335,0.9036802673440983
0.4199149100364995,40.96042398612332,0.14812547139477972,0.6036956208549044,-0.7966642442839514,0.029625651724339182
0.5277900590978538,41.53382240424273,0.08877707820203662,-0.7083364383578599,0.5556041625775803,-0.43538891191780177
0.8312547940101742,42.60351011790624,0.44221580494171686,-0.5754037767032704,0.17375719758258001,-0.7991989302069049
0.520856533935246,41.2950410199499,0.45695595372491726,0.8585794218054977,-0.20980550393123895,-0.4677852359494644
0.5337368258237866,41.20597481067784,0.02709361392899423,-0.9567393390715704,-0.2869463240987891,0.04807956072061572
0.03589690401658496,35.194961997265835,0.02670040515243835,-0.17277043159041183,-0.8930062601374856,-0.4155601007355304
0.8685800467100567,42.658176577733606,0.20869655422805866,0.21683152994934143,0.5729810026288423,0.7903650158289361
1.294328731324877,43.37981081634251,0.6077063846183779,-0.8296062911782632,-0.4637102038444923,0.31100843796904654
0.18972984851914299,38.746236300725954,0.12278364134878023,-0.7740774736721584,-0.5834298286743081,0.24579198474807187
1.1250202010797699,43.06876594699469,0.95791935611292,0.19198930152573424,0.9737640220576725,-0.12216274982876392
0.121154565896476,37.96027936340773,0.10902282589772816,0.20794463040550049,0.7110262255327529,0.6717147737620235
1.1129174993725774,43.206756166599654,0.07419912753096658,-0.09039768322805117,-0.5512788286950442,-0.8294093753386329
1.5390027405958127,43.97480414929511,1.0921581459704854,-0.19897412162511438,0.8867545607210914,-0.4172237384951374
0.19778482038166922,38.95466691814507,0.016640675460013438,0.015193129219941476,0.9230011250151036,-0.3844971938068723
0.04083416526465233,35.53717905577877,0.014709620523373095,0.47763642458394695,-0.4195846751397503,0.7718886877643264
1.085929284413368,43.142164827746655,0.2553306141074456,-0.40925110477569565,0.8922969238089294,-0.19057736749413345
0.36796088074411404,40.553172373691424,0.16797894424406434,-0.33435729720797347,0.17433135192733215,0.926182367322423
0.8528581700914688,42.46667798797243,0.6247921191723886,0.16607936040168328,-0.9458204991381702,0.2790004112158086
0.3553567454261456,40.39524571722946,0.14620153654726176,0.30699569667415016,0.08754451273824237,-0.947675894234404
0.16139041485379724,38.655162199432596,0.1506245076328816,-0.3131790599212833,0.8526665156127816,0.4181849944457351
0.6672238598413311,41.856884425585086,0.19731067839925553,-0.6506973674604875,-0.5655491520807986,-0.5067021734319688
0.5462200397271226,41.513572270708195,0.4090814517758251,0.9295677822341586,-0.36750439377273314,-0.029056131710945305
1.4636800741467377,43.869820420062986,0.9302862524261655,0.08916291010673004,-0.2704115352508766,0.9586071025527418
1.3093009397890603,43.5954455838677,0.9548508175244339,-0.09203615950161767,0.1717724273185166,-0.9808280066134416
0.274428845976015,39.62831391900088,0.11028242741443972,-0.7001121623476427,-0.3296772766634804,0.6333686551958968
1.056021625762422,42.95390662885029,0.11235447561134415,-0.3317762583331893,-0.2801057587792493,0.9008136756872256
1.5624718473035575,44.04083011604917,0.2530438137935327,-0.004681876829367488,-0.057687834082351834,0.9983236919097143
0.012152683317895097,32.81805084464901,0.0006851359104479825,0.20636084666642887,-0.9341623352075056,0.2911287214322462
1.6719293091712948,44.21554044748244,0.48991553788698994,0.16335606301276528,-0.8975636390139308,-0.4095049579639298
0.32877429460630025,40.10976496360744,0.20713820923864823,-0.981991119924859,-0.18868088208022113,-0.009641842466599096
0.5435106077085403,41.57057714223203,0.3792834298479787,0.5560547306015383,0.17095276886714172,0.8133746291791428
0.5806414869237346,41.66102941120468,0.30549450012464474,-0.2123701121668554,0.3242208283714221,-0.9218350123033874
1.423633599663,43.74082286296932,1.1077314801823344,-0.258651327857743,-0.318489016415478,0.9119562692476693
0.6371544173922827,41.5705375004108,0.20248974234019068,-0.8674422705249886,-0.4474376081402963,0.21758560184015696
0.9435712984768542,42.606510416085264,0.08722317228827736,0.28282650414284394,0.9587141924687765,-0.029601785643434075
0.6973998821216584,42.0550259440677,0.43780058445526226,0.40414474526488653,0.6302560301461003,0.6629059973625657
0.19235896763893245,38.97009991465572,0.07651420150506472,0.2347206785931721,-0.9034777874416792,0.35865595023678193
0.0648909167399393,36.4899605203567,0.027189840879824886,0.9845517910245235,0.05261372855618034,0.16700169567348552
0.0028790434998057224,29.675739279801938,0.0011874669215199921,0.1731721162035763,0.2728050652105138,-0.9463555434217429
0.001485392854387646,28.229893082148347,0.0007463529128274894,0.6790716150722094,0.5418452524923959,0.4952428333198501
0.48334825987056984,41.17727021130972,0.48308666119067845,-0.16562287663584122,0.968985646306875,0.18340087237010802
0.5531999219544146,41.63661556081838,0.24349669067089275,0.6803942652753325,-0.12846081118125371,0.7214994551426179
1.6658324427176212,44.10774706166379,0.7043031003097817,-0.37793374234106697,-0.6453155971450097,0.6638779002809594
0.35892510383306775,40.38356526998888,0.22401296529313874,0.16369767832679294,0.34607644579023333,-0.9238150051712829
0.4438250955998575,40.981462388189044,0.3231627196823921,0.13807121036485673,-0.95576076389761,-0.2597262078848425
0.8292400491213905,42.52838588968408,0.41635981192974847,0.9072919329450423,-0.24381019465245615,0.34260463714955763
0.39529690793383376,40.591703103975476,0.23308281620861604,0.2594070709827156,0.9161287481852834,0.3056404558834354
0.16167677010710257,38.632096110474265,0.15320107917430825,0.173018527545876,0.7072297115342702,0.6854857578746694
0.039756025516897275,35.389623395644456,0.004440957296829834,-0.9396142989824664,0.06693901841762184,0.3356249945414876
0.11224446090075557,37.829114731041386,0.001527180462283756,-0.28515165388435454,-0.15098526139245508,-0.9465157078090513
0.7838789683848818,42.470264309052716,0.25551612642073984,0.7856655830840621,-0.6042469633766078,0.13272226191309833
0.345661965793561,40.45286729456893,0.17066418943478545,0.4834208397295189,-0.565523882839792,0.6681968494785141
0.8132902043009835,42.499204965315656,0.4029930565982023,0.9011263742250645,-0.334217506701066,0.2761700850753251
0.661843597774957,41.64947109836404,0.4196719597645522,0.6709790497941741,0.528013103032851,-0.5205663048670433
0.10474243684564943,37.623377255886524,0.035704602577828565,-0.2510338440711533,0.11575435248807502,0.9610322257921043
1.9597012184270266,44.64781278400933,1.4506768695651981,0.4383514204691993,-0.2959487558829794,-0.8486827240282152
1.7257361755411345,43.96849775152569,1.3764806267098075,0.23176189930122448,0.21585455629657552,0.948521603632884
0.26193377630003345,39.48155319092762,0.18920645420709703,0.8235401740727976,0.4949711699094008,-0.27710128589861355
0.021795602911617307,34.097354344834756,0.01867684595493066,-0.40225296542434885,-0.002842271431414449,0.9155241522212443
1.2644089663608957,43.456077783272214,0.13814063881476768,-0.4287707178844503,0.5864042758537336,0.687230453883784
0.18815265465568787,39.031843345853915,0.16586776663077213,-0.6081196480606553,0.12654096522897207,-0.7836950157819714
0.36018880454240954,40.568713426229344,0.18670158103314372,-0.8610998855184882,0.3478209530715957,-0.37084710025078155
0.517745255237596,41.37412807783606,0.4793041087655656,0.8490596057532473,-0.40597193551576133,-0.338060014570973
1.3408058176097322,43.585971492768465,0.9426816860200342,0.6154951522836634,0.0010040996321591682,-0.7881400315294477
0.142316099410993,38.28400384695192,0.11069793534162692,0.979381731017269,-0.05811136565791731,0.19347995795686312
1.0178223875528933,42.83803782002,0.20501833523702118,0.0535195464512352,0.755542162157607,-0.6529101770916598
0.8282971838445894,42.559132404211184,0.5807396837910737,0.32244843140690305,-0.21029454533223135,0.9229318573365739
1.1376473575125394,43.23049816352089,0.5009178972941151,0.9715803922592733,-0.1972627652188102,0.1308393780004531
0.6701398833246108,42.06119998933406,0.35688051052878955,-0.17887484281521884,0.8199695758250792,0.5437404576901289
1.1344111803122532,43.22124554479748,0.633779630188628,0.7868020453106181,-0.328212041231032,-0.5227039290898694
0.43053960780121026,40.65975330993321,0.23212806626913451,0.7341277148707607,0.6741430225336023,0.08116454538709726
0.29299450092219914,39.94739181770859,0.2181559453624874,-0.24363302731513392,-0.1271971931512098,0.9614904170379011
0.2206741227711394,39.32856418220096,0.08376918032811687,-0.5270424848557106,-0.5003463472622007,-0.6869350420079702
0.27804042816905816,39.79176193443483,0.20295916014955134,0.08088164805927622,0.976945025241281,0.19757676144609837
0.2534316269479505,39.571660642384344,0.05237188418440997,-0.892667517981029,-0.26499574780490454,-0.3645846348749618
1.6500923493646185,43.90132175609861,1.3961092229689736,-0.06080873437522542,0.45597748596752957,0.8879114990326539
0.7499395083513309,42.374113252689,0.2833127792197143,0.03801898413043604,0.4611252348967056,0.886520205402645
0.3539628451693059,40.553762797049814,0.28966813112547996,0.6309059328640881,-0.7245785062117829,-0.27738726036499206
0.33638331292511925,40.119219760829566,0.3160619370580823,-0.49904593222729315,-0.3995341025194947,0.7689770207563645
1.3012154468355246,43.54963568099702,0.2616776753247405,0.8241270074315568,-0.5663304719689187,0.00919087272074466
0.44807428169057095,41.13072955438635,0.1679775348126965,0.4215839302304789,-0.05501779458264807,0.9051187944411959
1.677990439014081,44.148747104468654,0.5789299784964523,0.16076695561955165,0.9232534625271525,-0.34893699991896093
0.7800821389861438,42.40359972797574,0.7083000388748578,0.5033079584315727,-0.44843088372953815,-0.738641212969455
0.6071667230729686,41.50717639738894,0.34908915120193407,-0.9354430446502063,-0.3534366106763568,-0.0053733089582676365
0.6006849186328779,41.81316401358374,0.16629893983766209,-0.5664335726410539,0.5560379907303213,0.60825550605784
1.3910876414058393,43.729134677051974,0.7754262875678002,0.2564294838272669,-0.3623228094515053,-0.8960837581249029
0.17071587725495896,38.567148264036895,0.03932169891860954,0.8105200595639461,0.5673164386875489,0.14563410122404008
0.1113173485867407,37.625018208741004,0.02169663592543486,0.7490630590320543,0.6192346534549028,0.23548455905669824
0.9253447299562036,42.75902597614908,0.19333986308718853,-0.46614397280932285,0.28849902079610784,0.836348080414625
0.3249021785187989,40.31315015871467,0.1562456129128047,-0.02548454920156823,0.730086965703673,0.6828788767135768
1.0428488800426567,42.97182520031085,0.3782901880462515,-0.6520936610904694,0.1367118994698153,0.745710207593394
0.024402463488619075,34.37823595583542,0.008114429232058067,-0.7401668454201897,0.41347624623281426,0.5302739242523111
1.9992766693470412,44.70357805231426,1.9481760958840495,0.83530635254266,0.2796807689696934,0.47333071405772775
1.018915072743333,42.884910371569866,0.8492629834209342,0.49661942494033595,0.7286413175173561,0.47164708965337776
1.4378229525458093,43.82798055129597,1.437472575770059,-0.29491816995107434,0.4746061548426004,-0.8293203668174505
1.5254954639187743,43.884450985298415,1.3118611043402626,-0.36637702712930686,-0.4767592003905695,0.7990422634847519
0.3593117116619594,40.3405005323455,0.017199480631568398,-0.9081970892282356,-0.32368127658199364,-0.2653459596594818
0.047900957304754965,35.87936986933617,0.024226565825376772,0.8694310959451319,-0.4634229897122572,-0.17125624663001326
0.5564390066263033,41.64558946567068,0.0747610003996596,0.6366098027327904,-0.6834690812439634,0.35720858619026835
1.0626063424893397,43.10555587613627,0.4208569833331428,-0.5865391565203034,0.8081652492776344,0.05329866535355411
0.369238521274442,40.282510494359016,0.14998343210186704,0.872177230937159,0.44718100914051084,-0.19833311094939202
1.15349841612563,43.29025312157857,1.1020212590735594,0.34246815248431217,-0.9357106304918756,-0.08462375859342623
0.09188125033864436,37.23129741510388,0.03901815292171332,-0.9374717909367484,-0.27974692931454737,-0.20709489790172872
0.6076616228729608,41.745261574741065,0.17306851937311052,-0.13980824105949669,-0.7997826204280787,-0.5837819933785604
0.4452218764276603,40.87688310227786,0.26504784814603066,0.9650747070062896,-0.08132773383796048,-0.24903134261676022
0.19013374191470134,39.04877471301334,0.0673687284379238,0.5415167137688087,0.10697908878272976,0.8338555769869547
0.1967797757922226,38.9831526043093,0.12950107629799035,0.5012654700918747,0.061618503049735054,-0.8630968013933789
0.03652358158645863,35.200834535778405,0.00754682913004788,0.09960197941181509,0.9918756505870339,0.07913368100749703
0.9757242163397719,42.77618455693516,0.8863210690534056,0.11396211141841567,0.9740748748949556,0.19542460249270827
0.09832886587773448,37.510293029084664,0.06901871857437347,-0.7735037950455749,0.10623152797098287,-0.6248253688151941
0.4833355700254899,41.01689370970881,0.463663286100333,0.1670626447031191,0.5864784942079112,-0.7925484518793915
0.9554407608573373,42.71995530229085,0.17238818440109782,0.9825520898875518,-0.06666378526267373,-0.17362986607164252
0.24540276022637497,39.48911405654102,0.23738480487818853,-0.5087810946800786,-0.0635172862145088,0.8585495629537558
0.2973317170238541,39.78542296149415,0.27980564576463196,0.7939094878380971,0.38869531978019956,-0.46757210513632935
0.9944537834990503,42.76124116471934,0.6380022448020002,0.6960419865044778,0.14390706279915008,-0.7034318092746601
1.101775417380366,43.11021773506874,0.9662531361324389,0.9939915177511356,-0.10945580019182488,-0.0005389277883430612
0.032003333717076976,34.9780616513116,0.01925071599096366,-0.23766350877426093,-0.6781055302988148,-0.6954774952327861
0.7535613285083088,42.054100023569696,0.7380873579505328,-0.5257534849385664,-0.818892495505891,-0.23021371349050176
0.3469383967021433,40.115084564664514,0.2845319806381167,-0.7800506850533442,-0.5691388682204066,0.26000361041455333
0.21965172598410865,39.353505541381445,0.08140927756713973,0.34036615930090464,-0.43146154783603474,0.8354590416900665
1.0328870293022674,43.02230487556076,0.9570118729691826,-0.7797736751390935,-0.11081395156156525,-0.6161763413986152
0.06140576341144799,36.40080744220245,0.04722487899636864,-0.2715990853890954,0.6906123583459144,-0.6702898681284846
0.7968559679282595,42.4492761837677,0.6470254192560195,0.8535863933525696,-0.49524547246745043,-0.16162360930211905
0.5154476052661012,41.28895962865917,0.1666931071475698,0.24918943772640925,-0.8342873236820832,0.49180207977293344
0.004177000958687227,30.520447017283068,0.0013981511589808452,-0.06584053498785357,-0.8242036092798263,-0.5624530508430199
0.2362029136753786,39.57356770801222,0.16386651006864777,0.6031999685751763,-0.7145428357439202,-0.3543703342520975
0.8452648176309995,42.63725111264374,0.580546240331243,0.08827107613720786,0.4436589497949075,0.8918379636371502
0.26317386463966486,39.82902558456209,0.03738951689838749,-0.4690154327889082,0.6246290591538352,0.6243901522817503
0.6835863441796561,42.08066791283735,0.351177697064591,-0.4982152218164218,0.7714885781092051,-0.39571071074391034
0.6317731909951498,41.94819894636747,0.5252329340049706,-0.7209631288357496,0.6248636809582041,0.29959563928523764
0.866460611593786,42.52007020754378,0.06797442064650427,-0.8619012077564937,-0.23624585567322542,-0.4486805141134649
1.1560863573389504,43.12448016700033,0.7267927162423953,0.8336628682158261,0.18739256967005663,-0.5195096216535502
1.0135428017012147,42.87439673172287,0.6914598553394111,-0.03171712595870678,-0.5222952092758069,0.8521747111293908
1.1644844698238705,43.16607155756003,0.45378734617937533,0.9180185570079554,0.0913213567500943,-0.385878658117229
0.01487380521668591,33.31463458250362,0.0026689467889617347,-0.8374259531411002,0.3623204556103263,-0.4091963592849343
0.6045947010662484,41.8329474697173,0.41925793477096296,0.07501231998666334,0.6132878525174436,0.7862894898221396
0.6872129594168855,41.992656708748015,0.18088735721760663,0.1523935631674703,0.14069228943743678,-0.9782545075786642
1.2016660797879184,43.18383223287198,0.802202430064288,-0.44256823377350263,-0.7212842928706616,0.5328060879087925
0.5417949663135655,41.16538764399224,0.05978375041208561,-0.6150684103069822,-0.5784932919246252,0.5357577454789173
1.0785510028941494,43.02234960572065,1.043864516857723,0.03415993269461811,-0.9942191941959143,0.1017904361456721
1.0262916588367037,43.03384362277797,0.0864239602547403,-0.5028786275304467,0.45380289185323414,0.7356466688014949
0.5668397932019249,41.59204385796262,0.40991834780233627,-0.32073213700970415,0.17731892761303672,0.9304240399943194
0.47646484328592453,41.13916147539651,0.2547633658720502,-0.9594044082974638,0.272493215738145,0.07273670817460931
0.05646707161325093,36.12179032978998,0.04184550233478922,0.6176072659451985,0.7476529274054812,0.24408270154542144
1.6008922784906119,44.09913293405745,0.7939778137256837,-0.7082531280999996,-0.3360764695502352,-0.620830180605949
0.46866759925656487,41.05524958113311,0.3792570922544962,0.9908143303393515,-0.13503860616428137,0.007178972028843824
1.0330836700475154,42.93159673151117,0.1719637224017605,0.975533596231556,0.07563094373938166,0.2064319814675481
0.5488337596739503,41.21884956938515,0.11217842071726558,0.647734951431104,0.7617873099015262,0.01093284809832481
0.046472353159268454,35.64583937105118,0.0029586395493977208,0.7454347952738788,0.6622669956418931,-0.07569275050129667
0.18103758729233577,38.9130075237458,0.03992030253260645,0.5198633785160077,-0.6874141383654211,0.5071527088099281
0.08849606384768804,37.22744799809179,0.03343192015577372,-0.6368286696449798,-0.4008718331811398,-0.6585977671387884
1.3455287293025826,43.645476149569134,1.0376477507377735,0.0883458610724871,0.15996559268818888,-0.9831612370243638
0.3724218035484147,40.62378732267611,0.01875324382303145,-0.7309835908554514,-0.0671473488863921,-0.6790833700199108
0.24900896055510047,39.692794011428745,0.07596384817776963,0.04297287002808065,-0.315478932135545,-0.9479590580927882
0.7879030859579712,42.3629138697102,0.6350445009012533,0.8221433405802501,0.10671885083530837,0.5591881744242612
0.25883827848842456,39.56183488504257,0.03983936289112899,0.7619700831051275,0.0716965268174736,-0.6436312612785962
0.3161789616827444,40.08230810433335,0.030691169072189828,-0.04360940936709376,-0.9937018599182493,-0.10322225055512513
0.2659552031230179,39.83828025438929,0.2582812414836494,-0.2882196422340722,0.4047835144969109,0.8678016733228809
1.6191371343168677,44.12985881635872,0.3950283381147872,-0.5777420132857025,-0.3049340748781954,-0.7571191293731537
0.26033215567467427,39.514984958558486,0.19311306208378476,0.26160122946039327,0.9205077975910643,-0.29022438098626163
0.9030604499112649,42.71987886267564,0.013602572342061303,0.791131797947242,-0.4670029457142889,-0.39499205937707343
1.1516807349392892,43.129294146396305,0.3208073564870908,-0.9729948876857826,-0.1938976997168512,0.12523829518899207
1.0641555460635337,42.907861006413846,0.06773337523707545,-0.3413509067696665,-0.5620114330058787,0.7534073981706082
1.6742681647343192,44.144901954118446,0.48701500366074724,-0.26053451809037087,-0.9645277666813333,0.04252002097997727
1.2491233228985874,43.428967333495294,0.5361963771987996,-0.9851278897327388,0.015519137956627765,-0.1711204173317844
0.05493324825290535,36.11397337617139,0.015680399351209837,-0.42028933823970543,-0.7895773939596533,-0.4471290765650487
0.5826929587901348,41.77696552734298,0.20190914088289003,0.2243601667285034,0.25019734203901345,0.9418406476799411
0.6749211595335878,41.84835084308411,0.4739495558572251,-0.05585528968167983,0.8948110868312775,-0.4429371349282014
0.23099029446594,39.46558236779301,0.06114689051914041,0.5270795039604823,0.39356094651855084,0.7531911960984371
0.07089015237682417,36.775162833948336,0.0011068923094058325,-0.46860248494926043,0.5531930849305778,0.6887591174600658
0.5459851107814552,41.268473908264305,0.006200994234841106,0.5088739231515129,0.837254141653136,0.20013203796758336
0.4901657866153788,41.29902948203608,0.3331721596256282,-0.5772225793511983,-0.22782822430996627,-0.7841609491009595
